Position,Company,Location,Salary,url,Job_Description
Machine Learning Research Engineer x 3 at SaaSlife,Global Path Consulting Services LLC,"San Francisco, CA","$130,000 - $200,000 a year",https://www.simplyhired.com/job/o9ZJNHbAwRZfEC-aNGuvJa7VG3Xl1249AbweKkwxF92HTH1hKnQ7cw,"Machine Learning Research Engineer x 3 at SaaSlife
Global Path Consulting Services LLC
San Francisco, CA
Quick Apply
Job Details
Full-time
$130,000 - $200,000 a year
8 days ago
Qualifications
PyTorch
Mid-level
Machine learning
2 years
Full Job Description
An AI lab based in San Francisco, currently with a team of around 15 people, is seeking 3x Machine Learning Research Engineers to join their cutting-edge team. The lab is working on innovative AI projects that would rival even the top tech companies, like Google. With over $20 million in funding, the company is well-positioned for significant breakthroughs in the field of machine learning. This is a unique opportunity for talented Machine learning specialists to work on groundbreaking projects and make an impact in a highly innovative environment.
Responsibilities
Train machine Learning models
Build an RLAIF pipeline for search capabilities
See where your imagination takes you! dream of a new novel architecture - great! code it up and see how it competes against existing models!

Requirements
2 - 15 years of commercial experience in a ML role (experience is great to see, but excitement and startup orientation is more important than experience.
Can code up a transformer from scratch in pytorch
Comfortable creating large-scale datasets
Care about the problem of finding high quality knowledge and recognize how important this is for the world
Graduate-level ML experience at a top tier university (proof of grades required)
Quick Apply"
ML Engineer L5 - Ads Platform Engineering (Forecasting),Netflix,Remote,"$100,000 - $720,000 a year",https://www.simplyhired.com/job/AQfKXq6UQ156n7ePt0GQyUaCIEbgqAFKTRj3SXx32t2ZQCv21z5d_g,"ML Engineer L5 - Ads Platform Engineering (Forecasting)
Netflix - 3.9
Remote
Apply Now
Job Details
Full-time
$100,000 - $720,000 a year
Benefits
Stock options
Paid holidays
Health insurance
Flexible spending account
Paid time off
401(k) matching
Qualifications
Mid-level
Machine learning
Metadata
Full Job Description
Job Requisition ID
JR29684
Job Posting Date
09-09-2024
Teams
Data Science & Analytics
Work Type
Remote
Netflix is one of the world’s leading entertainment services with 278 million paid memberships in over 190 countries enjoying TV series, films and games across a wide variety of genres and languages. Members can play, pause and resume watching as much as they want, anytime, anywhere, and can change their plans at any time.
The Role
Netflix is one of the world's leading entertainment services with over 260 million paid memberships in over 190 countries enjoying TV series, films and games across a wide variety of genres and languages. Members can play, pause and resume watching as much as they want, anytime, anywhere, and can change their plans at any time.
In April 2022, we introduced a new, more affordable, ad-supported tier for our customers, marking a significant milestone for Netflix. Our focus is now on expanding choices for consumers and providing advertisers with a premium TV brand experience that surpasses traditional linear formats. The challenge ahead involves scaling our ad tech to maximize its impact on our business.
Our Team
The Ads Platform Engineering teams build advertising systems and integrations that powers the delivery of ads using our world-class content delivery ecosystem. We use a number of Netflix investments and innovations to power our ads - unique mix of client and server-side ad insertions, state of the art content delivery system, ad encoding recipes, content understanding and metadata. We deliver ads in a manner that’s thoughtful of our member’s viewing experience and drive great outcomes for advertisers. We also ensure that advertiser brand safety is ensured during serving, members only see the most appropriate ads for them.
Our team is new and yet faced with the enormous ambitions of building highly performant advertising systems and delivering high impact to our business by monetizing our incredible slate of content. As one of the newest entrants in the Connected TV advertising space that’s rapidly growing, we seek to build unique value propositions that help us differentiate from the competition and become a market leader in record time.
We are looking for highly motivated engineers working in the advertising space who are excited to join us on this journey.
Experience & Skills:
We are seeking an ML engineer with experience in the following areas:
Productionize models to forecast ad inventory availability and performance. This includes predicting future inventory needs based on historical data, market trends, and seasonal variations.
Productionized predictive models to forecast the effectiveness of advertising campaigns, including metrics like clicks, impressions, conversions, and ROI.
Bringing complex models to life in low-latency real-time advertising environments
Building Scalable Simulation solution to model different inventory scenarios, including demand fluctuations, pricing strategies, and inventory allocation.
Budgeting and Pacing systems, models, and algorithms
Applying Modeling and machine learning techniques for business problems at the intersection of product, data science, and engineering
Collaborate with cross-functional stakeholders from science team, product, engineering, operations, design, consumer research, etc., to productionize and deploy models at scale
Nice to Haves:
Publisher-side ad tech systems including ad servers, bidders, yield optimizers, and their demand-side counterparts (SSPs/DSPs)
Yield Optimization, scoring, and bid ranking models and Dynamic Allocation of direct/programmatic guaranteed and non-guaranteed inventory
Contributed to an ads industry technology standard (e.g VAST, OpenRTB) or worked on an industry consortium effort, or working group.
Familiarity with legal compliance and the changing landscape of ad regulations around the world.
Experience working in the CTV space and knowledge of its unique constraints
Our compensation structure consists solely of an annual salary; we do not have bonuses. You choose each year how much of your compensation you want in salary versus stock options. To determine your personal top of market compensation, we rely on market indicators and consider your specific job family, background, skills, and experience to determine your compensation in the market range. The range for this role is $100,000 - $720,000.
Netflix provides comprehensive benefits including Health Plans, Mental Health support, a 401(k) Retirement Plan with employer match, Stock Option Program, Disability Programs, Health Savings and Flexible Spending Accounts, Family-forming benefits, and Life and Serious Injury Benefits. We also offer paid leave of absence programs. Full-time hourly employees accrue 35 days annually for paid time off to be used for vacation, holidays, and sick paid time off. Full-time salaried employees are immediately entitled to flexible time off. See more detail about our Benefits here.
Netflix is a unique culture and environment. Learn more here.
We are an equal-opportunity employer and celebrate diversity, recognizing that diversity of thought and background builds stronger teams. We approach diversity and inclusion seriously and thoughtfully. We do not discriminate on the basis of race, religion, color, ancestry, national origin, caste, sex, sexual orientation, gender, gender identity or expression, age, disability, medical condition, pregnancy, genetic makeup, marital status, or military service.
Job is open for no less than 7 days and will be removed when the position is filled.
Apply Now"
Sr. ML Ops Engineer,Deep 6 AI,"Pasadena, CA","$160,000 - $190,000 a year",https://www.simplyhired.com/job/W__tEkADeWsfFqJy30-XlcgmgKCOmDzE9y_3cTAYwKRRyK_b8bp9yw,"Sr. ML Ops Engineer
Deep 6 AI
Pasadena, CA
Apply Now
Job Details
Full-time
$160,000 - $190,000 a year
1 day ago
Benefits
Disability insurance
Health insurance
Dental insurance
401(k)
Paid time off
Vision insurance
Life insurance
Qualifications
Lucene
TensorFlow
CI/CD
Data modeling
Signal processing
PyTorch
Docker
Machine learning
Deep learning
Natural language processing
Model training
Keras
Senior level
AI
Linguistics
Full Job Description
Deep 6 AI is a fast-growing tech startup headquartered in Los Angeles, California looking for talented, dynamic team members who want to help shape our groundbreaking artificial intelligence platform.
We are transforming and accelerating clinical trials, to help get life-saving treatments to patients faster and accelerate innovation in healthcare. To that end, we build a cutting-edge software suite that connects all clinical research stakeholders, from research teams to treating physicians, patients, and study sponsors on a real-time, real-world data SaaS platform, powered by AI.
What You'll Do
Develop and Maintain ML Pipelines: Design, implement, and manage scalable machine learning pipelines to support various ML models from development to production.
Automate Workflows: Create automated workflows for data preprocessing, model training, evaluation, and deployment.
Monitor and Optimize: Continuously monitor the performance of ML models in production, ensuring they meet performance and accuracy standards. Optimize models and pipelines for efficiency.
Collaborate with Teams: Work closely with data scientists, software engineers, and other stakeholders to integrate ML solutions into existing systems and applications.
Ensure Compliance and Security: Implement best practices for data security and compliance, ensuring that all ML operations adhere to relevant regulations and standards.
Documentation and Reporting: Maintain comprehensive documentation of ML processes, workflows, and systems. Provide regular reports on model performance and system health.

About You
Deep knowledge of traditional ML concepts (e.g., LSTMs, RNNs, GMMs, SVMs, trees, boosting) as well as more recent deep learning fundamentals and NLP-related experience with word embeddings
Proficiency in JVM languages
Familiarity with CI/CD tools and methodologies
Proficiency with containerization (e.g., Docker) and orchestration tools
Experience with cloud-based ML platforms (e.g., Amazon Sagemaker)
Experience with common JVM search, linguistics, and other language frameworks (e.g., Lucene, StanfordNLP, OpenNLP, SparkNLP, ANTLR)
Experience using a Deep Learning Framework (e.g., Tensorflow, PyTorch, Keras)
Mature theoretical grasp of different neural networks on large-scale datasets
Deep and Fundamental understanding in signal processing concepts
A positive, collaborative, can-do attitude and a strong sense of ownership.
Familiarity with clinical data, concepts and language
Experience in model training automation with a combination of Supervised, Unsupervised, and Reinforcement methods
Bonus Points
Prior remote working experience.
Worked in the healthcare domain. Experience with healthcare clinical data modeling a strong bonus (e.g., OMOP, FHIR)
Experience with Transfer Learning, Transformers (e.g., BERT & ELMO), and Multilingual NLP
Familiarity with performance and load testing automation tools (e.g., Gatling, K6, Jmeter) and methodologies
$160,000 - $190,000 a year
Our Culture
We are a very collaborative group that is inclusive, fun, and hard-working. We appreciate the value in diverse backgrounds and experiences so that we can create the best product through different perspectives and ideas. Deep 6 AI welcomes remote work and has fully-remote teams throughout the country; we strive to create an environment where you can do your best work in the environment and location that is best suited for each individual. As a member of our team, you can expect to work with intelligent, curious, and motivated peers who value and respect your perspectives. Deep 6 AI is headquartered in Los Angeles and has employees nationwide.
Benefits
In addition to competitive salary and a unique opportunity to thrive at a growing company, Deep 6 AI offers various formal benefits as well as a generous PTO plan which includes sick and vacation days, and as well as employer-paid medical, dental, vision, life insurance and long-term disability coverage. A 401k plan is available, too.

The above statements describe the general nature and level of work being performed in this job function. They're not intended to be an exhaustive list of all duties, and indeed additional responsibilities may be assigned by Deep 6.
At Deep 6, we appreciate the opportunity to benefit from the diverse backgrounds and experiences of others. Because of our deep commitment to respect every individual, Deep 6 is an equal opportunity employer.
Apply Now"
Gen AI/ML Engineer,Ccube,"Atlanta, GA",$65 - $75 an hour,https://www.simplyhired.com/job/0RSzSQ0O3uVrZs_1QLCwRgaJ6E_eITRzKtXuCRY7p2xc5Dy-cffnHQ,"Gen AI/ML Engineer
Ccube - 3.0
Atlanta, GA
Quick Apply
Job Details
Full-time
$65 - $75 an hour
13 days ago
Benefits
Health insurance
Dental insurance
Vision insurance
Qualifications
6 years
Law
PyTorch
Bash
Machine learning
OCR
Data pipelines
Data science
Senior level
AI
Groovy
Machine learning frameworks
Python
Shell Scripting
SDLC
Full Job Description
Hello All,
We are Hiring Gen AI/ML Engineer in Atlanta GA.
Below is the JD for the reference

Gen AI/ML Engineer
Atlanta, GA (3 Days a week onsite)
W2/FT Preferred
*** Local Candidates Highly Preferred***
Experience : 8+ yrs
Need AI/ML Engineer with Strong Deep Learning & Python
Python
Machine learning (Modeling and Deep Learning)
OCR - experience of building optical character recognition (OCR) in Python
LLM - Hands-on experience of Python library for interacting with Large Language Models
LangChain - knowledge and experience of LangChain an open-source framework to create applications using large language models (LLMs)
Strong Programming skills in Python, Bash, Groovy and software engineering principles
Passionate about building an innovative and team centric culture
Knowledge of industry-wide technology trends and best practices
Ability to work in large, collaborative teams to achieve organizational goals

Specific Requirements (Mandatory)
Proven experience as a Data Scientist or Machine Learning Engineer or similar role for a minimum of 6+ years.
Expert level experience in Data Science & ML SDLC, developing and deploying Python models and applications
Experience monitoring model performance, and retraining redeploying ML models
Familiarity with machine learning frameworks (like LangChain and PyTorch etc.) and libraries (like LLMs, scikit-learn etc.
Familiarity with data pipelines, monitoring and model performance tuning.

Benefits & Perks:
Part of our mission statement is to provide a great life for our employees. We believe that happy employees make for a better company, so we take care of them. Here are a few of the perks we offer:
Flexibility for you to work in-office, hybrid or remote
Medical and Dental Premiums
Startup culture with opportunity to grow
Performance bonuses
Health, dental and vision insurance plans
Pursue growth and learning with career development expenses
Ws3kvbocbA
Quick Apply"
"Partner 20, ML Ops Engineer",a16z,"San Francisco, CA","$225,000 - $263,000 a year",https://www.simplyhired.com/job/BwVxiQZ8gONDsz2yvxPPsxIvSDst3kQY6sxJNjP3WitoaQlYeHXjHA,"Partner 20, ML Ops Engineer
a16z
San Francisco, CA
Quick Apply
Job Details
$225,000 - $263,000 a year
Benefits
Disability insurance
Dental insurance
401(k)
Vision insurance
Life insurance
Qualifications
Looker
6 years
SQL
AWS
Docker
Machine learning
Model deployment
GitHub
Senior level
AI
Figma
Communication skills
Python
MLOps
Generative AI
Full Job Description
Partner 20, ML Ops Engineer
Founded in Silicon Valley in 2009 by Marc Andreessen and Ben Horowitz, Andreessen Horowitz (aka a16z) is a venture capital firm that backs bold entrepreneurs building the future through technology. We are stage agnostic. We invest in seed to venture to growth-stage technology companies, across AI, bio + healthcare, consumer, crypto, enterprise, fintech, games, and companies building toward American dynamism. a16z has $44B in assets under management across multiple funds.
We've established a team that is defined by respect for the entrepreneur and the company-building process; we know what it's like to be in the founder's shoes. We've invested in companies like Affirm, Airbnb, Coinbase, Databricks, Devoted Health, Insitro, Figma, GitHub, Instacart, OpenSea, Roblox, Stripe, and Substack. Our team is at the forefront of new technology, helping founders and their companies impact and change the world.
The Role
At a16z, we believe data is at the core of making informed decisions and effectively supporting our portfolio companies. Our Data & Analytics team builds and manages the infrastructure that supports our data lake (Databricks), data pipelines (dbt), data ingestion (Fivetran & custom Python scripts), and data visualizations (Looker/Hex). We leverage cutting-edge GenAI alongside more traditional data & analytics to empower our firm.
As an ML Ops Engineer, you will play a critical role in developing and optimizing our machine learning & large language model infrastructure in Databricks. You will work on accelerating and hardening our GenAI projects by building scalable, efficient, and secure MLOps pipelines. This role requires technical expertise in machine learning operations, a strong understanding of data infrastructure, and the ability to work collaboratively with cross-functional teams.
To join our team, you should be excited to:
Design, implement, and maintain scalable and robust MLOps pipelines in Databricks to support GenAI projects
Develop and optimize infrastructure to accelerate the deployment and monitoring of machine learning models
Collaborate with analytics engineers to streamline the end-to-end machine learning workflow, from data ingestion to model deployment
Implement best practices for model versioning, testing, and validation to ensure the reliability and accuracy of deployed models
Monitor and maintain the performance, security, and scalability of the machine learning infrastructure
Develop automation scripts and tools to improve the efficiency and reliability of MLOps processes
Stay current with the latest trends and technologies in machine learning, MLOps, LLMOps, and recommend improvements to our existing infrastructure
Provide technical guidance and support to team members and stakeholders on MLOps best practices
Minimum Qualifications
6+ years of experience in machine learning operations, data engineering, or a related field
Advanced proficiency in Python and SQL
Strong understanding of machine learning concepts and experience with deploying ML models in a production environment
Proven experience in designing and implementing MLOps pipelines and infrastructure
Familiarity with cloud platforms and services, particularly those related to data and machine learning
Excellent problem-solving skills and the ability to work independently in a fast-paced environment
Strong communication skills and the ability to collaborate effectively with cross-functional teams
Knowledge of containerization technologies such as Docker
Low ego, high empathy, and the capacity to collaborate effectively with diverse teams
Experience using Databricks and AWS preferred
Experience with GenAI projects and understanding of generative AI concepts and methodologies preferred
The anticipated salary range for this role is between $225,000-$263,000, actual starting pay may vary based on a range of factors which can include experience, skills, and scope.
This role is eligible to participate in the a16z Carry program and various discretionary bonus programs as well as benefit and perquisite plans including health, dental, vision, disability, life insurance, 401K plan, vacation, and sick leave.
a16z culture
We do only first class business and only in a first class way
We take a long view of relationships, because we are in the relationship business
We believe in the future and bet the firm that way
We are all different, we recognize that, and we win
We celebrate the good times
We do it for the team
We play to win
At a16z we are always looking to hire the absolute best talent and recognize that diversity in our experiences and backgrounds is what makes us stronger. We hire candidates of any race, color, ancestry, religion, sex, national origin, sexual orientation, gender identity, age, marital or family status, disability, Veteran status, and any other status. These differences are what enables us to work towards the future we envision for ourselves, our portfolio companies, and the World.
Our organization participates in E-Verify. Click here to learn about E-Verify.
Andreessen Horowitz hereby reserves the right to make use of any unsolicited resumes received from outside recruiting agencies and / or individual recruiters without being responsible for payment of any fees asserted from the use of unsolicited resumes.
Quick Apply"
AI/ML Engineer,"General Technical Services, LLC","Adelphi, MD",Not specified,https://www.simplyhired.com/job/y-5yWHc0G5ve4ehmtHd0xPeCCLkv6qEFe4wjJ27pTspKCrOTmO0F0g,"AI/ML Engineer
General Technical Services, LLC - 4.0
Adelphi, MD
Quick Apply
Job Details
Full-time
Estimated: $144K - $182K a year
Benefits
Health savings account
Relocation assistance
Health insurance
Dental insurance
401(k)
Flexible spending account
Tuition reimbursement
Paid time off
Vision insurance
401(k) matching
Professional development assistance
Flexible schedule
Life insurance
Retirement plan
Qualifications
TensorFlow
Research laboratory experience
Reinforcement learning
Doctoral degree
PyTorch
Computer vision
Software deployment
Secret Clearance
Prompt engineering
Master's degree
GPS
Algorithms
C++
Machine learning
Doctor of Philosophy
Object detection
Natural language processing
OpenCV
Unity
Robot programming
Senior level
Electrical Engineering
AI
Robotics
Robotics
Communication skills
Sensors
Python
Full Job Description
AI/ML Research Scientist Engineer
Because this position requires the ability to obtain a security clearance, US Citizenship is mandatory.
The Army Research Laboratory is seeking an AI/ML engineer or data scientist with additional knowledge about robotics, computer vision, and hardware integration. The goal is for this person to transit between University of Maryland, College Park and The Army Research Laboratory seamlessly, hence US Citizenship and an ability to obtain and retain a SECRET clearance will be required.
Job Description:
This research focuses on advancing the state-of-the-art in autonomous robotics, computer vision, and their integration with a variety of robotic platforms, including legged and aerial systems. This work involves developing novel algorithms, software frameworks, and hardware systems for real-time operation in dynamic and complex environments. We aim to build solutions for applications such as autonomous navigation, multi-robot collaboration, and human-robot interaction. We are seeking a motivated research scientist or engineer with expertise in robotics and computer vision to contribute to cutting-edge projects in this domain. The role will involve collaboration with a multidisciplinary team of researchers, integration of advanced sensors, and working with both simulated and real-world robotic systems.
Tasks/Duties/Responsibilities:
Develop and implement algorithms for autonomous robotic systems, focusing on real-time control, perception, and decision-making in dynamic environments.
Design and optimize motion planning and navigation systems for robots, particularly legged and aerial platforms, for tasks such as obstacle avoidance, path optimization, and multi-robot coordination.
Integrate vision-based perception systems for robots, including stereo vision, LIDAR, and depth cameras, to enable environment understanding, object detection, action recognition and visual-based localization.
Develop novel vision-based algorithms for robot navigation, localization and human-robot interaction. Utilize state-of-the-art vision language models to introduce zero shot capabilities, explainability, scene understanding and context-sensitivity. Deploy generative models for data augmentation.
Collaborate on the design and testing of hardware for robotic systems, including sensors (IMUs, GPS, LIDAR, RGB-D cameras) and actuators, with a focus on robust, field-ready deployment.
Work with the Robot Operating System (ROS2) for seamless integration of perception, planning, and control modules, and lead efforts in developing ROS2-based simulation environments.
Contribute to the development of machine learning models for perception and decision-making, such as object classification, scene understanding, and behavior prediction using computer vision techniques.
Perform experiments and collect field data to validate system performance, including the use of simulation platforms such as Gazebo or Unreal/Unity-based environments as well as field deployment on physical robots.
Skills and Knowledge:
Autonomous Robotic Systems:
Experience with robot architecture, decision-making algorithms, and real-time control systems for both ground and aerial robots.
Knowledge of multi-robot systems and collaborative behaviors (e.g., swarm robotics, autonomous UAV fleets).
Planning and Navigation:
Proficiency in motion planning algorithms (e.g., RRT, A*, D*), trajectory optimization, and navigation in unstructured, GPS-denied environments.
Experience in Simultaneous Localization and Mapping (SLAM), Visual SLAM (V-SLAM), or GPS-integrated localization strategies.
Computer Vision:
Expertise in computer vision techniques, including deep learning approaches for image recognition, object tracking, and 3D scene reconstruction.
Familiarity with OpenCV, PyTorch/TensorFlow, or similar frameworks for developing and deploying vision algorithms in real-time robotic systems.
Large Language Models:
Proficiency with fine-tuning and prompt engineering for vision-language models and other transformer-based vision models.
Familiarity with transformers for natural language understanding.
Familiarity with ROS2, Sensors, and Hardware Integration:
Strong experience with ROS2 (Robot Operating System) for robotic middleware, including ROS2 for communication, sensor fusion, and hardware abstraction layers.
Hands-on experience integrating a variety of sensors (e.g., LIDAR, depth cameras, IMUs) and interfacing them with robotic platforms.
- Helpful, but not required: Understanding of hardware design, including robotic actuators, communication interfaces (e.g., CAN, UART, I2C), and embedded system integration.
- Helpful, but not required: Understanding of reinforcement learning.
Work Experience Desired:
MS (minimum) or Ph.D. (preferred) in Robotics, Computer Science, Electrical Engineering, or a related field.
Strong programming skills in C++, Python, and familiarity with ROS2.
Hands-on experience with robotic platforms and sensors.
Excellent communication skills and the ability to work in a collaborative team environment.
Familiarity with the Pytorch and HuggingFace transformers libraries.
Competitive pay commensurate with education and experience.
The selected candidate will be an employee of General Technical Services LLC (GTS).
US citizenship is mandatory (to obtain the required security clearance). There may be occasional travel. GTS offers company-funded educational support for job-related training. Other benefits include eleven (federal) holidays, a co-funded medical plan, fifteen days of personal time, and a 401(k) investment package.
Background: Located in Adelphi, MD, the U.S. Army Research Laboratory's (ARL) Army Research Directorate (ARD) is the principal Army organization for research and development in sensors and electron devices. ARD conducts innovative research to provide the Army with affordable enabling technology in sensors, electronic warfare (EW), Quantum information sciences, position navigation and timing (PNT), Systems Biology, and Energy & Power. ARD coordinates technologies within the Army, other services and their laboratories, industry, and academia to leverage basic and applied research opportunities for the benefit of the Army. Please visit https://www.arl.army.mil/who-we-are/ and select “Read more” under Army Research Directorate.
To accomplish its mission ARD utilizes several unique facilities, most notably the Zahl Physical Science Laboratory, a 349,000 square foot state-of-the-art electronics R&D facility. This building has a 15,000 square foot clean room, dry room, high energy laser facilities, bio-inspired sensor laboratories and other research & development infrastructure.
Job Type: Full-time
Benefits:
401(k)
401(k) matching
Dental insurance
Flexible schedule
Flexible spending account
Health insurance
Health savings account
Life insurance
Paid time off
Professional development assistance
Relocation assistance
Retirement plan
Tuition reimbursement
Vision insurance
Schedule:
Monday to Friday
Education:
Master's (Preferred)
Experience:
AI/ML: 3 years (Preferred)
License/Certification:
US Citizenship (Required)
Security clearance:
Secret (Preferred)
Work Location: In person
Quick Apply"
AI-ML Engineer,Intone Networks,"Charlotte, NC",Not specified,https://www.simplyhired.com/job/J7AjxAkOrRyQVG0jRuDRGlSM_pum0pQCPoE-WbJAS4ycbnAWf2CJ7w,"AI-ML Engineer
Intone Networks - 4.1
Charlotte, NC
Apply Now
Job Details
Contract
Estimated: $112K - $142K a year
Qualifications
Senior level
AI
Full Job Description
AI-ML Engineer Generative AI & Traditional AI Platform Capabilities on enterprise on-prem and cloud platforms. 100% onsite role.
Apply Now"
Lead ML/AI Engineer,Children's National Hospital,"Silver Spring, MD","$164,071 - $273,451 a year",https://www.simplyhired.com/job/Y2Ye0o_RxOxhUe56fF-re99hfM7_Xnqm23dGzUf9zMH8ykJbzhts_A,"Lead ML/AI Engineer
Children's National Hospital - 3.8
Silver Spring, MD
Apply Now
Job Details
Full-time
$164,071 - $273,451 a year
13 days ago
Qualifications
AI models
Statistics
Computer science
C#
R
Java
Database design
Analysis skills
Project management
Bachelor's degree
Machine learning
JavaScript
Continuous integration
OpenCV
Predictive analytics
Linux
Senior level
AI
Communication skills
Python
10 years
Full Job Description
Description
As a Lead Machine Learning/AI Engineer, you will spearhead strategic initiatives and oversee the end-to-end development of cutting-edge AI and machine learning solutions. You will be responsible for defining project scopes, setting technical direction, and ensuring the successful delivery of complex models and systems. Your role involves leading cross-functional teams, managing high-impact research and development efforts, and driving innovation within the organization. You will also be responsible for optimizing and integrating large-scale data architectures, addressing critical performance issues, and ensuring the seamless deployment and operational excellence of machine learning solutions. Additionally, you will play a key role in shaping the technical vision and strategy of the team or department.
Qualifications

Minimum Education
Bachelor's Degree A Bachelor’s degree in a quantitative or business field (e.g., Statistics, Mathematics, Engineering, Computer Science). (Required)
Minimum Work Experience
Requires deep functional knowledge with 10 years of related experience, or equivalent experience acquired through accomplishments of applicable knowledge, duties, scope and skill reflective of the level of this position. (Required)

Required Skills/Knowledge
Experience with C# (programming language; Database Design; Java (Programming Language); JavaScript (Programming Language); Machine Leaning Machine Learning Algorithms; Python (Programming Language); R (Programming Language); Software Engineering; SWL (Programming Language); Statistics
Experience with Continuous Integration; Predictive Modeling
Experience with compute clouds, creating database schemas, continuous deployment
Experience with building ML/AI models using common methods withing R and Python
Knowledge of Open CV Linux
Seeks to acquire knowledge in area of specialty.
Ability to identify basic problems and procedural irregularities, collect data, establish facts, and draw valid conclusions.
Ability to work independently.
Demonstrated analytical skills.
Demonstrated project management skills.
Demonstrates a high level of accuracy, even under pressure.
Demonstrates excellent judgment and decision-making skills.
Ability to communicate and make recommendations to upper management.
Ability to drive multiple projects to successful completion.
Possesses technical aptitude.
Excellent verbal and written communication skills, communicate complex findings in a clear and understandable manner
Excellent facilitation ability to host sessions and elicit ideas from others, understanding their issues and encourage group participation
Attention to detail.
Communicate complex findings in a clear and understandable manner
Collaborate effectively with cross-functional teams
Adapt to changing priorities and thrive in a dynamic environment


Functional Accountabilities

Leads the design, development, and research around complex Machine Learning (ML) systems, models, and schemes to apply to appropriate datasets for data modeling and statistical analysis
Identifies differences and complex use cases of ML algorithms and apply findings to enable business decisions by deriving insights through data visualization
Leads the maintenance and support of ML/AI software platforms by reviewing and solving issues and running ML/AI models
Communicates business objectives and develops complex models that help to achieve them, along with metrics to track progress
Leads the writing of complex software documentation and complex software code to extract data from a variety of databases and data sources
Manages available resources such as hardware, data, and personnel so that the deadlines are met and deploy predictive models using established software patterns
Leads the analysis of the ML algorithms that could be used to solve a given problem and rank them by their success probability.
Explores and visualizes data to gain an understanding of it and verify data quality, and/or ensure data quality via data cleaning
Analyses errors of the model and implements strategies to overcome errors
Performs other duties as assigned.
Complies with all policies and standards


Organizational Accountabilities
Anticipate and responds to customer needs; follows up until needs are met


Teamwork/Communication
Demonstrate collaborative and respectful behavior
Partner with all team members to achieve goals
Receptive to others’ ideas and opinions


Performance Improvement/Problem-solving
Contribute to a positive work environment
Demonstrate flexibility and willingness to change
Identify opportunities to improve clinical and administrative processes
Make appropriate decisions, using sound judgment


Cost Management/Financial Responsibility
Use resources efficiently
Search for less costly ways of doing things


Safety
Speak up when team members appear to exhibit unsafe behavior or performance
Continuously validate and verify information needed for decision making or documentation
Stop in the face of uncertainty and takes time to resolve the situation
Demonstrate accurate, clear and timely verbal and written communication
Actively promote safety for patients, families, visitors and co-workers
Attend carefully to important details - practicing Stop, Think, Act and Review in order to self-check behavior and performance
Primary Location: Maryland-Silver Spring
Work Locations: Inventa Towers 1 Inventa Place Silver Spring 20910
Job: Information Technology
Organization: Operations
Position Status: R (Regular) - FT - Full-Time
Shift: Day
Work Schedule: 8-5
Job Posting: Oct 10, 2024, 7:34:55 AM
Full-Time Salary Range: 164071 - 273451
Apply Now"
Staff ML Engineer,Xero,"Los Angeles, CA","$150,000 - $195,000 a year",https://www.simplyhired.com/job/g9_Q-T2T1kjdbVZbOTZ3jdjfEGX7UAEBpUXb8_IqxytqupfJ0nA7SA,"Staff ML Engineer
Xero - 4.3
Los Angeles, CA
Apply Now
Job Details
$150,000 - $195,000 a year
1 day ago
Benefits
Paid parental leave
Disability insurance
Health insurance
Dental insurance
Parental leave
Employee assistance program
Vision insurance
401(k) matching
Qualifications
TensorFlow
6 years
System design
Xero
SQL
Mentoring
Senior level
AI
Communication skills
Python
Full Job Description
Xero is a beautiful, easy-to-use platform that helps small businesses and their accounting and bookkeeping advisors grow and thrive.

At Xero, our purpose is to make life better for people in small business, their advisors, and communities around the world. This purpose sits at the centre of everything we do. We support our people to do the best work of their lives so that they can help small businesses succeed through better tools, information and connections. Because when they succeed they make a difference, and when millions of small businesses are making a difference, the world is a more beautiful place.

The AI team at Xero brings together ML Engineers and Applied Scientists to build systems that power Xero's next generation of beautiful, insightful products.

About The Team

The AI Products group exists to collaboratively build products that use AI and ML to reduce toil and deliver the right insight at the right time. Working within the Data & Science team, you will join a diverse, globally distributed team of scientists, engineers, product managers, and analysts who help Xero turn data into beautiful, insightful products.

ML engineers design and build the infrastructure and services that power AI products that serve millions of customers every day. They also work closely with Applied Scientists through the research and development process to create harnesses and interfaces to safely take models from research to production environments. As a Staff ML Engineer, you will lead delivery programs and co-lead research programs that push the boundaries of what's possible with today's technology.
About The Role
Leading the design of our AI research and production infrastructure and services, ensuring that our services scale while preserving flexibility for research teams
Owning our strategy for managing the growth rate of technical debt and costs across our stack
Making sure we're solving the right problems with the right methods
Sharing knowledge with colleagues and lifting the bar for the AI Products team
Working with teams across Xero to improve the quality and usability of data
Building Xero's profile in market through public facing content and events
About You
You have 6+ years of experience delivering ML and AI products at scale
You are drawn to solving hard problems and understanding how things work
You are comfortable learning new frameworks (distributed processing, ML, etc) and applying them to real problems
You are willing to dive into the unknown, and allow new information to change your decisions
Constant learning and growth are an important part of who you are
You are always willing to learn from others and ask for help
What you’ll Bring With You
Strong coding and system design skills in Python or another language used in web scale data and AI applications
Strong SQL skills and understanding of distributed processing (data, ML, etc)
Excellent written and verbal communication skills for communicating technical concepts to technical and business stakeholders
Experience developing sensible standards and mentoring early career ML engineers
Familiarity with Tensorflow is a nice to have
$150,000 - $195,000 a year

Why Xero?
Diversity of people brings diversity of thought, and we like that. Our human-first culture of respect, fairness, and inclusion is what helps Xeros thrive and work and beyond. Offering very generous paid leave to use however you’d like (plus statutory holidays!), dedicated paid leave to care for your physical and mental wellbeing as well as an Employee Assistance Program to access mental health care for you and your family, employee resource groups, wellbeing programming and allowances, medical, dental, vision, and disability insurance, fertility and family forming financial support, 401k contribution matching, 26 weeks of paid parental leave for primary caregivers, an Employee Share Plan, beautiful offices with snacks and break areas, flexible working, career development and many other benefits that reflect our human value, you’ll do the best work of your life at Xero.

Research has shown that women and underrepresented groups are less likely to apply to jobs unless they meet every single competency or experience. If you are excited about this role, but your past experience doesn't align perfectly, we encourage you to apply anyway. You could be just the right person for this role and Xero. If you have any support or access requirements, we encourage you to advise us at time of application and throughout the interview process.
Apply Now"
Senior BI Engineer,General Motors,Remote,Not specified,https://www.simplyhired.com/job/gGxorYYp4rtyQJsQCPZf3DQwVHDXfO5xUyvoiCgGkF_2U_akwO_ikQ,"Senior BI Engineer
General Motors - 4.0
Remote
Apply Now
Job Details
Full-time
Estimated: $119K - $150K a year
1 day ago
Benefits
Health savings account
Paid holidays
Health insurance
Dental insurance
401(k)
Flexible spending account
Tuition reimbursement
Paid time off
Parental leave
Employee assistance program
Vision insurance
401(k) matching
Life insurance
Qualifications
Power BI
Business intelligence
React
5 years
SQL
Bachelor's degree
A/B testing
Data visualization
Quantitative analysis
Senior level
Communication skills
Data manipulation
Analytics
Full Job Description
Job Description
The Role
We are seeking a highly skilled and enthusiastic Senior Business Intelligence Engineer to join our Enterprise Data Analytics and Insights team. The ideal candidate will play a crucial role in transforming data into actionable insights for the business. You will lead, design and develop complex data assets such as impactful visualization reports, dashboards and self-service data products to aid decision making. You will collaborate with stakeholders to understand business needs, have a consultative approach and develop quantitative and qualitative solutions, apply predictive/prescriptive modeling to address issues and possess compelling storytelling skills to effectively articulate business insights. You are expected to have strong statistical and business analytics skills, build analytic solutions and support the dynamic needs of the business teams. This role requires flexibility and the ability to thrive in a fast-paced environment with quick turnaround times.
What You'll Do:
Define and implement best practices and patterns for creating scalable, high-quality visualizations using Power BI, Dash, and React.
Conduct in-depth s tatistical and quantitative analysis on complex data to develop insights and address business issues.
Collaborate with stakeholders to identify opportunities and provide rapid analytic solutions as a consultant.
Gain a deep understanding of the business and its domain, think strategically and comprehensively, and effectively communicate complex solutions through storytelling.
Retrieve data from different source systems, perform ETL operations, handle large volumes of data, and have expertise in Data Bricks, SQL, Power BI or equivalent .
Collaborate with data analysts, data engineers, data scientists and business stakeholders to understand data requirements and visualization needs.
Work with cross-functional teams to identify key metrics and KPIs for tracking business performance and progress.
Collaborate with UX/UI designers to ensure a seamless and user-friendly experience in data visualizations.
Additional Job Description
Required Qualifications:
Bachelor's degree or higher in C omputer science , Data Science, Information Systems/related field or relevant experience.
5+ years of experience as a BI Engineer/Data analyst and worked on creation, deployment and management of dashboards and developing business insights and analytics.
Strong proficiency in SQL, Power BI or equivalent .
Strong statistical and quantitative analysis skills with the ability to translate complex data into clear insights.
Compelling story telling skills, s trong knowledge of data visualization best practices, principles, techniques required .
Data Science, Experimentation, Inference, A/B testing, quantitative modeling, ML modeling skills are nice to have.
Understanding of data manipulation and transformation techniques.
Excellent problem-solving skills and the ability to think critically about data visualization challenges.
Strong communication skills and a collaborative mindset to work effectively in cross-functional teams .
Attention to detail and a passion for creating visually compelling and informative data visualizations.
You may not check every box, or your experience may look a little different from what we’ve outlined, but if you think you can bring value to our team with your unique experiences and perspectives , we encourage you to apply!
This role is based remotely but if you live within a 50-mile radius of [Atlanta, Austin, Detroit, Warren, Milford or Mountain View], you are expected to report to that location three times a week, at minimum.
This job is not eligible for relocation benefits. Any relocation costs would be the responsibility of the selected candidate.
Bonus Potential: An incentive pay program offers payouts based on company performance, job level, and individual performance.
Benefits: GM offers a variety of health and wellbeing benefit programs. Benefit options include medical, dental, vision, Health Savings Account, Flexible Spending Accounts, retirement savings plan, sickness and accident benefits, life insurance, paid vacation & holidays, tuition assistance programs, employee assistance program, GM vehicle discounts and more.
GM DOES NOT PROVIDE IMMIGRATION-RELATED SPONSORSHIP FOR THIS ROLE. DO NOT APPLY FOR THIS ROLE IF YOU WILL NEED GM IMMIGRATION SPONSORSHIP (e.g., H-1B, TN, STEM OPT, etc.) NOW OR IN THE FUTURE.
#LI-CC1
About GM
Our vision is a world with Zero Crashes, Zero Emissions and Zero Congestion and we embrace the responsibility to lead the change that will make our world better, safer and more equitable for all.
Why Join Us
We aspire to be the most inclusive company in the world. We believe we all must make a choice every day – individually and collectively – to drive meaningful change through our words, our deeds and our culture. Our Work Appropriately philosophy supports our foundation of inclusion and provides employees the flexibility to work where they can have the greatest impact on achieving our goals, dependent on role needs. Every day, we want every employee, no matter their background, ethnicity, preferences, or location, to feel they belong to one General Motors team.
Benefits Overview
The goal of the General Motors total rewards program is to support the health and well-being of you and your family. Our comprehensive compensation plan incudes, the following benefits, in addition to many others:
Paid time off including vacation days, holidays, and parental leave for mothers, fathers and adoptive parents;
Healthcare (including a triple tax advantaged health savings account and wellness incentive), dental, vision and life insurance plans to cover you and your family;
Company and matching contributions to 401K savings plan to help you save for retirement;
Global recognition program for peers and leaders to recognize and be recognized for results and behaviors that reflect our company values;
Tuition assistance and student loan refinancing;
Discount on GM vehicles for you, your family and friends.
Diversity Information
General Motors is committed to being a workplace that is not only free of discrimination, but one that genuinely fosters inclusion and belonging. We strongly believe that workforce diversity creates an environment in which our employees can thrive and develop better products for our customers. We understand and embrace the variety through which people gain experiences whether through professional, personal, educational, or volunteer opportunities. GM is proud to be an equal opportunity employer.

We encourage interested candidates to review the key responsibilities and qualifications and apply for any positions that match your skills and capabilities.
Equal Employment Opportunity Statements
GM is an equal opportunity employer and complies with all applicable federal, state, and local fair employment practices laws. GM is committed to providing a work environment free from unlawful discrimination and advancing equal employment opportunities for all qualified individuals. As part of this commitment, all practices and decisions relating to terms and conditions of employment, including, but not limited to, recruiting, hiring, training, promotion, discipline, compensation, benefits, and termination of employment are made without regard to an indivi d ual's protected characteristics. For purposes of this policy, “protected characteristics"" include an individual's actual or perceived race, color, creed, religion, national origin, ancestry, citizenship status, age, sex or gender (including pregnancy, childbirth, lactation and related medical conditions), gender identity or gender expression, sexual orientation, weight, height, marital status, military service and veteran status, physical or mental disability, protected medical condition as defined by applicable state or local law, genetic information, or any other characteristic protected by applicable federal, state or local laws and ordinances. If you need a reasonable accommodation to assist with your job search or application for employment, email us at Careers.Accommodations@GM.com or call us at 800-865-7580. In your email, please include a description of the specific accommodation you are requesting as well as the job title and requisition number of the position for which you are applying.
Apply Now"
AI Researcher / Engineer,"Moonwalk Biosciences, Inc.","South San Francisco, CA","$102,000 - $270,000 a year",https://www.simplyhired.com/job/CFKG5TTfIxIR2pt5a27UWHF_dUdVAf0F8J6pc9-VWF44Eua4C9qSdg,"AI Researcher / Engineer
Moonwalk Biosciences, Inc.
South San Francisco, CA
Quick Apply
Job Details
Full-time
$102,000 - $270,000 a year
6 days ago
Qualifications
TensorFlow
Biology
Doctoral degree
Computer Science
PyTorch
5 years
Machine learning
Doctor of Philosophy
Senior level
AI
Full Job Description
AI Researcher / Engineer
Overview:
Moonwalk Biosciences is recruiting an AI Researcher / Engineer. As a key member of our R&D team, you will help build the Moonwalk Platform for controlled cellular reprogramming. You will develop and test AI models that can provide insight into epigenetic control of cellular functions, and predict the consequences of epigenetic edits.
Key Responsibilities:
Work with the R&D team to build large-scale AI foundation models of DNA sequence and epigenetic state
Build training and validation datasets from a combination of public data and internally generated data
Help design wet lab experiments to generate the most effective model training data, potentially using an active learning approach
Apply AI models to advance Moonwalk’s therapeutic development programs
Required Qualifications:
5+ years of experience working in AI / ML
Proficiency with one or more AI frameworks such as PyTorch or Tensorflow
Proven track record of high-caliber scientific work, e.g., demonstrated through publications in peer-reviewed scientific journals
Ability to excel in a team-first, supportive work environment, and clearly articulate ideas, problems, and solutions
Preferred Skills and Experience:
Experience working at the intersection of biology and AI / ML
PhD in Computer Science, Machine Learning, Computational Biology or related field
Salary Ranges:
Engineer I: The expected annual pay range for this position is $102,000 – $138,000.
Engineer II: The expected annual pay range for this position is $121,000 – $164,000.
Senior Engineer: The expected annual pay range for this position is $147,000 – $199,000.
Staff Engineer: The expected annual pay range for this position is $170,000 – $230,000.
Principal Engineer: The expected annual pay range for this position is $199,000 – $270,000.
Exact compensation and title may vary based on skills and years of experience.
Company Overview:
Moonwalk Biosciences is pioneering a new class of precision epigenetic medicines. Its novel platform technology provides a complete view of the epigenome in health and disease, with the most advanced AI prediction of epigenetic targets, and the broadest set of epigenetic engineering tools. Moonwalk was Co-founded by Alex Aravanis, M.D., Ph.D., former CTO of Illumina, world-renowned scientist Feng Zhang, Ph.D. of the Broad Institute of MIT and Harvard, and a distinguished set of industry leaders and company builders. It has raised $57 million led by Alpha Wave Ventures, and joined by other leading life sciences investors ARCH Venture Partners, Future Ventures, GV, Khosla Ventures and YK Bioventures.
Quick Apply"
GPU ML Engineer,Apple,"Waltham, MA",Not specified,https://www.simplyhired.com/job/ZiIE-nb-f75IS92kWaVgZTO-9Ar_l5Uo2U_TSdKtZl6aLXwRino6ZQ,"GPU ML Engineer
Apple - 4.1
Waltham, MA
Apply Now
Job Details
Estimated: $120K - $152K a year
8 days ago
Qualifications
GPU programming
TensorFlow
PyTorch
iOS
Mid-level
Math
Machine learning
APIs
Mac OS
Machine learning libraries
Full Job Description
Summary

Posted: Oct 11, 2024

Role Number:200572765

Apple’s Compute Frameworks team in GPU, Graphics and Displays org provides a suite of high-performance data parallel algorithms for developers inside and outside of Apple for iOS, macOS and Apple TV. Our efforts are currently focused in the key areas of linear algebra, image processing, machine learning, along with other projects of key interest to Apple. We are always looking for exceptionally dedicated individuals to grow our outstanding team.

Description

Our team is seeking extraordinary machine learning and GPU programming engineers who are passionate about providing robust compute solutions for accelerating machine learning networks on Apple Silicon. Role has the opportunity to influence the design of compute and programming models in next generation GPU architectures. Responsibilities: Adding optimizations in machine learning computation graph. Defining and implementing APIs in Metal Performance Shaders Graph, investigating new algorithms. Develop/maintain/optimize ML training acceleration technologies. Support adoption of GPU-accelerated training across 1st and 3rd party clients. Tune GPU-accelerated training across products. Performing in-depth analysis, compiler and kernel level optimizations to ensure the best possible performance across hardware families. Intended deliverables: ML training GPU acceleration technology. Optimized ML training across products. If this sounds of interest, we would love to hear from you!
Proven programming and problem-solving skills.
Good understanding of machine learning fundamentals.
GPU compute programming models & optimization techniques.
GPU compute framework development, maintenance, and optimization.
Machine learning development using one or more ML frameworks (TensorFlow, PyTorch or JAX).

Preferred Qualifications
Experience with adding computational graph support, runtime or device backend to Machine learning libraries (TensorFlow, PyTorch or JAX) support.
Experience with high performance parallel programming, GPU programming or LLVM/MLIR compiler infrastructure.
Experience with system level programming and computer architecture.
Background in mathematics, including linear algebra and numerical methods.

Education & Experience

Additional Requirements

More
Apple is an equal opportunity employer that is committed to inclusion and diversity. We take affirmative action to ensure equal opportunity for all applicants without regard to race, color, religion, sex, sexual orientation, gender identity, national origin, disability, Veteran status, or other legally protected characteristics. Learn more about your EEO rights as an applicant.
Apply Now"
Principal ML Ops Engineer,"Flagship Pioneering, Inc.","Cambridge, MA",Not specified,https://www.simplyhired.com/job/ORgVbRy03CFUnSMMz-JaoVoHeSZDv_-_XcAiEgTrhM5VBcpSSKlwjA,"Principal ML Ops Engineer
Flagship Pioneering, Inc. - 4.0
Cambridge, MA
Quick Apply
Job Details
Estimated: $121K - $154K a year
Qualifications
TensorFlow
CI/CD
Biotechnology
7 years
Computer Science
Kubernetes
PyTorch
AWS Certification
Git
Master's degree
AWS
Docker
Bachelor's degree
Machine learning
Terraform
Senior level
AI
Communication skills
Python
Full Job Description
Flagship Pioneering is a biotechnology company that invents and builds platform companies, each with the potential for multiple products that transform human health or sustainability. We create about six new companies every year and incubate them through successive rounds of funding.
Since launching in 2000, Flagship has originated and fostered more than 100 scientific ventures, resulting in more than $90 billion in aggregate value.
Many of the companies that Flagship has founded have addressed humanity's most urgent challenges: vaccinating billions of people against COVID-19, curing intractable diseases, improving human health, preempting illness, and feeding the world by improving the resiliency and sustainability of agriculture.
Flagship has been recognized twice on FORTUNE's ""Change the World"" list, an annual ranking of companies that have made a positive social and environmental impact through activities that are part of their core business strategies and has been twice named to Fast Company's annual list of the World's Most Innovative Companies. Learn more about Flagship at www.flagshippioneering.com.
Position Overview:
Flagship Pioneering is seeking a Principal ML Ops Engineer to enhance our Digital Science team. This role is centered around building and managing ML applications and solutions, with a particular focus on the development of frameworks to support advanced machine learning models. You will play a vital role in increasing efficiency around deployment of Life Sciences ML models thereby reinforcing Flagship's leadership in AI and ML across diverse domains. You will frequently partner with Flagship Pioneering ML Researchers and Leaders by providing capabilities to train and deploy models.
Key Responsibilities:
Lead the development and operationalization of ML-powered applications, ensuring their scalability, performance, and reliability.
Design and implement best practices in ML Ops to streamline the deployment, monitoring, and maintenance of machine learning models.
Work closely with the Pioneering Intelligence team to translate cutting-edge AI research into practical, scalable applications.
Develop and recommend frameworks and tools to automate the deployment, scaling, and management of AI systems in production environments.
Mentor engineers and contribute to the ML knowledge base within Flagship Pioneering.
Qualifications:
Bachelor's or Master's degree in Computer Science, Engineering, or a related technical field.
7+ years of experience in software engineering, with at least 3 years focused on ML systems.
Programming skills in the Python programming language and common software development tools: Git, testing frameworks, CI/CD, and Docker.
AWS Certifications or equivalent experience building in the cloud
Demonstrated experience in designing, building, and maintaining production-level AI/ML applications.
Previous experience with the Life Sciences and Biotechnology industry.
Preferred Qualifications:
Experience in machine learning tools like PyTorch, Tensorflow, or JAX
Developed infrastructure as code with frameworks such as AWS CDK, CloudFormation, or Terraform.
Experience with workflow and orchestration tools such as Kubernetes, Dask, Prefect, or Metaflow
Values and Behaviors:
We are seeking individuals with an entrepreneurial spirit, strong communication skills, and comfort working in and contributing to a dynamic and cross-functional team environment. The level of the role will be commensurate with the education and years of experience of the identified candidate.
Flagship Pioneering and our ecosystem companies are committed to equal employment opportunity regardless of race, color, ancestry, religion, sex, national origin, sexual orientation, age, citizenship, marital status, disability, gender identity or Veteran status.
At Flagship, we recognize there is no perfect candidate. If you have some of the experience listed above but not all, please apply anyway. Experience comes in many forms, skills are transferable, and passion goes a long way. We are dedicated to building diverse and inclusive teams and look forward to learning more about your unique background.
Recruitment & Staffing Agencies: Flagship Pioneering and its affiliated Flagship Lab companies (collectively, ""FSP"") do not accept unsolicited resumes from any source other than candidates. The submission of unsolicited resumes by recruitment or staffing agencies to FSP or its employees is strictly prohibited unless contacted directly by Flagship Pioneering's internal Talent Acquisition team. Any resume submitted by an agency in the absence of a signed agreement will automatically become the property of FSP, and FSP will not owe any referral or other fees with respect thereto.
#LI-NM1
Quick Apply"
Machine Learning Engineer,Unlimit Ventures,"San Diego, CA",Not specified,https://www.simplyhired.com/job/YdA9ehEE_FNcKIyQBWzvrSyrfKTHlGMLMOYG8YzVDLqrDG1B8uNEcA,"Machine Learning Engineer
Unlimit Ventures
San Diego, CA
Quick Apply
Job Details
Full-time
Estimated: $112K - $142K a year
7 days ago
Qualifications
TensorFlow
Statistics
PyTorch
Data structures
NumPy
Mid-level
Algorithms
Pandas
Analysis skills
Machine learning
Feature extraction
SciPy
Computer networking
Data analytics
Data science
Keras
Clustering
Machine learning libraries
Robotics
Machine learning frameworks
2 years
Communication skills
Data manipulation
Analytics
Full Job Description
**Please note - Actively hiring for this position in the San Diego, CA area**
As a Machine Learning Engineer, you will play a critical role in developing cutting-edge models and algorithms that transform data into actionable insights. You will collaborate with cross-functional teams, work on challenging projects, and work building one of our new exciting products in the environmental devices industry. This role is a contractor role, with strong opportunities for permanent hiring and growth.
If you have a strong foundation in machine learning frameworks, data manipulation, and model optimization, and are eager to apply your skills in a fast-paced, innovative environment, we would love to hear from you.

Our values:
Prudent optimism …glass-half-full, with a dose of caution to challenge our assumptions.
Intrinsic motivation …driven by autonomy, goal clarity, and regular feedback.
Commit to desired outcomes …define desired outcomes and achieve them vigorously.
No egos, no jerks …no joke.


You will be responsible for:
Expertise in ML frameworks and common ML libraries (TensorFlow, Keras, PyTorch, etc.).
Expertise in data manipulation and analysis skills. Should be comfortable with affiliated libraries (Pandas, NumPy, SciPy, etc.).
Understanding of a wide range of ML algorithms (SVMs, neural networks, clustering algorithms, etc.) and ensemble methods.
Experience with selecting appropriate models for various tasks, and understanding of how to improve models given their performance evaluations.
Expertise in feature selection, feature extraction, and feature engineering.
Deep learning expertise (knowledge of designing and implementing multiple neural network architectures, experience with transfer learning techniques, proficiency in tuning hyperparameters).
Data science skills (data analytics and visualization).

Qualifications:

2 to 5 years relevant industry experience with Machine Learning, Statistics, Data Engineering, or similar
Experience with device development, robotics preferred
Strong understanding of data structures or algorithms
Familiar with hybrid models that integrate multiple data sources
Experienced with FCNNs (fully connected neural networks) and pre-trained CNNs
Comfortable with feature engineering, especially for unconventional classification models
Experienced with a wide range of modeling approaches such as SVMs and clustering algorithms

Preferred skills:
Experience taking ideas from inception to launch
Understanding of product market fit, user experience, analytics, metrics and testing
Experience working with highly scalable, fault-tolerant, secure and compliant architecture and systems
Strong communication skills and bias for action
Familiar with holographic data processing
Quick Apply"
AI / ML Developer,DuploCloud,"San Francisco Bay Area, CA","$170,000 - $190,000 a year",https://www.simplyhired.com/job/tsG-FmXlCBq7dhEGoY2pMQr4h60zyPKFHW4r3-BdhCFasmaOtgdO2w,"AI / ML Developer
DuploCloud
San Francisco Bay Area, CA
Quick Apply
Job Details
$170,000 - $190,000 a year
11 hours ago
Benefits
Health savings account
Health insurance
Dental insurance
Flexible spending account
Employee assistance program
Vision insurance
Qualifications
AI chatbots
5 years
DevOps
Google Cloud Platform
AWS
Machine learning
Feature extraction
APIs
Senior level
AI
Employee evaluation
Python
Full Job Description
About DuploCloud:
DuploCloud is a software platform that allows engineering teams to achieve their infrastructure automation, security and compliance goals by offering DevOps-as-a-Service. We strive to make DevOps and Infrastructure-as-Code accessible for everyone; where application developers can focus on building applications rather than writing thousands of lines of code to automate well known operational workflows and compliance standards. DuploCloud is a venture backed company, Series-B funded by Mayfield Fund, WestBridge Capital and StepStone Group.
About the role:
DuploCloud is looking for an AI / ML Developer with a demonstrated background in developing AI applications and a passion for working on the cutting edge of AI capabilities. The role involves working in our AI Growth Team and working closely with our Onboarding team, Operations Team, and our customers. This role will contribute significantly to the growth trajectory of the company by creating AI solutions for a captive audience of existing DuploCloud customers.
You will be a strong fit for this role if you have experience …
Designing, developing, and optimizing machine learning models to solve specific business problems. This includes feature engineering, model selection, hyperparameter tuning, and performance evaluation.
Working with large datasets, ensuring data quality, cleaning, and preprocessing.
Deploying machine learning models into production environments.
Develop APIs or integrate models with existing software applications.
Ensuring models are scalable and perform well in a production environment, considering factors such as latency, throughput, and resource utilization.
Conducting experiments to validate model assumptions, fine-tune algorithms, and evaluate the performance of different approaches.
Working closely with cross-functional teams, including data scientists, software engineers, product managers, and business analysts, to understand requirements and deliver solutions.
Documenting models, processes, and systems to ensure clarity and maintainability.
Staying up-to-date with the latest developments in machine learning, AI, and related fields. Apply new techniques and tools to improve models and processes.
Monitoring models in production to ensure they perform as expected over time. Retrain models as needed and address any issues that arise.
Qualifications:
5+ years of demonstrated ability as a Python developer
5+ years of demonstrated ability working on AI/ML use cases
Experience working with both customers and internal teams to collect requirements, troubleshoot issues, and identify new uses cases
Dynamic team member who will both teach and learn from all of us on the Growth Team
Problem solver who can interpret sophisticated problem statements, boil them down into simple solutions, and collaborate with customers and other teams
Comfortable in both a business and technical context, working with executives or talking shop with technical audiences
Open to giving and receiving feedback, tolerate failure and are passionate about making clients successful
Strong knowledge of LLMs provided by Cloud Providers (AWS, Azure, GCP)
Strong knowledge of LLMs provided by private companies (open.ai, Anthropic, etc)
Strong knowledge of RAG
Strong knowledge of building AI based chatbots and incorporating Agent/Assistant capabilities into the chatbot
Must have previous DevOps experience
Must have previous AWS experience

Benefits:
Remote flexible work options
Employee assistance program (EAP)
Medical, dental & vision benefits supplement
Life & supplement life and Critical illness insurance
Health Savings Account (HSA), Flexible Savings Account (FSA)
Note: DuploCloud Inc. is an Equal Opportunity Employer that does not discriminate on the basis of race, color, religion, gender, national origin, age, military service eligibility, veteran status, sexual orientation, marital status, disability, or any other protected class. If you have a disability or special need that requires accommodation, please contact us at careers@duplocloud.net.
Pursuant to the San Francisco Fair Chance Ordinance, we will consider employment-qualified applicants with arrest and conviction records.
This role has been categorized as a Remote position. ""Remote"" employees do not have a permanent corporate office workplace and, instead, work from a physical location of their choice which must be identified to the Company. Employees may live in any of the 50 US States, with limited exceptions. In certain cases, an employee in a remote-designated job may need to live in a specific region or time zone to support customers or clients as part of their role.
The pay listed above is specific to California, Colorado, Connecticut, Maryland, Nevada, New York, Rhode Island, and Washington. The standard base pay range listed for this role may not be applicable to other locations.
Applicants may be required to sign a confidentiality agreement during the interview process. Applicants who receive job offers from DuploCloud Inc. will be asked to sign a confidentiality agreement, intellectual property disclosure, customer and employee non-solicitation, and non-competition provisions. If you are contacted for a role at DuploCloud Inc. and wish to review a copy of the required documents prior to receiving an offer, you may request a copy from your Recruiter.
Quick Apply"
Data Engineer - Official AI,Pioneer Square Labs,"Seattle, WA",Not specified,https://www.simplyhired.com/job/sv67S1ptv95rHJwOMP6wZpW2yjXNFpqyG0o3o3-x9rVr__owZm9j8A,"Data Engineer - Official AI
Pioneer Square Labs
Seattle, WA
Quick Apply
Job Details
Estimated: $131K - $166K a year
1 day ago
Qualifications
AI models
Rapid prototyping
TensorFlow
CI/CD
GAN
Computer Science
Kubernetes
PyTorch
Computer vision
Big data
Spark
Git
Google Cloud Platform
Mid-level
3 years
Master's degree
Algorithms
AWS
Docker
Bachelor's degree
Machine learning
Distributed systems
Deep learning
Data science
Distributed computing
AI
Communication skills
Python
Data Science
Hadoop
Full Job Description
Job Description: Data Engineer - AI Image Generation Specialist
Official AI is revolutionizing the landscape of AI-powered content creation, collaboration, and protection. Our mission is to build an ecosystem for authenticity that ignites the next creative renaissance. We're creating a new market where talent and brands thrive in the era of generative AI, where authentic content is valued, easily identified, and protected in AI-generated media.
We're seeking an innovative and passionate Data Engineer with expertise in AI image generation to join our cutting-edge team. The ideal candidate will play a crucial role in developing and optimizing our AI models, with a focus on pushing the boundaries of image generation technology. This position offers a unique opportunity to shape the future of authentic AI-generated content in a fast-paced startup environment.
Key Responsibilities:
Design, develop, and maintain scalable data pipelines and infrastructure for AI image generation models
Experiment with and implement advanced techniques in image generation, including depth mapping, control nets, and other emerging methodologies
Collaborate with cross-functional teams to integrate AI models into our product ecosystem
Optimize model performance and efficiency, ensuring high-quality output at scale
Develop and implement quality assessment algorithms for AI-generated images
Stay at the forefront of AI image generation research and incorporate new techniques into our workflow
Contribute to the development of our proprietary AI models and open-source initiatives
Qualifications:
Bachelor's or Master's degree in Computer Science, Data Science, or related field
3+ years of experience in data engineering, machine learning, or AI development
Proven expertise with open-source image generation tools such as Stable Diffusion, Flux
Experience with depth mapping, control nets, and other advanced image generation techniques
Strong programming skills in Python, with experience in deep learning frameworks (e.g., PyTorch, TensorFlow)
Familiarity with distributed computing and big data technologies (e.g., Apache Spark, Hadoop)
Experience with version control systems (e.g., Git) and CI/CD pipelines
Knowledge of cloud platforms (AWS, GCP, or Azure) and containerization technologies (Docker, Kubernetes)
Preferred Qualifications:
Experience in pattern matching and computer vision algorithms
Background in rapid prototyping and experimentation with AI models
Familiarity with generative adversarial networks (GANs) and diffusion models
Contributions to open-source projects or research publications in AI/ML
Personal Qualities: Aligned with our core values, we're looking for someone who embodies:
Integrity: Demonstrates honesty, transparency, and ethical decision-making in all aspects of work
Drive: Sets ambitious goals and shows determination in tackling complex challenges
Trust: Fosters open communication and is willing to have difficult conversations for the benefit of the team
Teamwork: Collaborates effectively, leaving ego at the door and celebrating collective successes
Additionally, we value:
Curiosity and a passion for continuous learning in the rapidly evolving field of AI
Creativity in applying unconventional approaches to solve complex problems
Adaptability to thrive in a fast-paced startup environment
Strong communication skills to explain complex technical concepts to non-technical team members
Why Join Official AI:
Be at the forefront of AI innovation, working on cutting-edge image generation technology
Opportunity to make a significant impact in a high-growth startup environment
Collaborate with a talented and passionate team dedicated to authenticity in AI-generated content
Contribute to the development of ethical AI practices that will shape the future of creative industries
Competitive compensation package including equity
At Official AI, we're committed to building a diverse and inclusive team. We encourage applications from individuals with a wide range of backgrounds and experiences. If you're passionate about pushing the boundaries of AI image generation and want to be part of a mission-driven company, we want to hear from you!
To apply, please submit your resume, a portfolio of relevant projects (if available), and a brief statement explaining why you're excited about this role and how you align with our mission and values.
Quick Apply"
Founding Engineer - Senior Software Engineer (Ai/ML),G2M Talent,"San Francisco Bay Area, CA","$160,000 - $220,000 a year",https://www.simplyhired.com/job/iBtg3UF9aJfCXC9mGbCeAy-FEYL9084LzAo8ItRi-mPZewHF5IM1gw,"Founding Engineer - Senior Software Engineer (Ai/ML)
G2M Talent
San Francisco Bay Area, CA
Quick Apply
Job Details
Full-time
$160,000 - $220,000 a year
6 days ago
Benefits
Health insurance
Dental insurance
401(k)
Paid time off
Vision insurance
Qualifications
6 years
Law
Kubernetes
Text-to-speech
JavaScript
PostgreSQL
Distributed systems
Next.js
Senior level
AI
TypeScript
Python
Full Job Description
We're a young, high-velocity tech startup focused on AI-driven automation. After experiencing explosive growth last month (8x revenue jump), we’re on the hunt for a core engineer to join early and help us accelerate even faster.
What You'll Do
From Zero to One: Launch new, high-impact tools that improve the performance and reliability of AI-based systems. Customer requests are rolling in fast, and we need someone who can turn ideas into solutions quickly.
Scaling for the Future: Optimize and expand existing infrastructure to handle exponential growth—automating processes and building reliable platforms that can support a large customer base.
Ideal Background
Experience as an ex-founder or early-stage engineer in startups
Skilled in using next-gen coding tools (e.g., Cursor, Zed)
Solid understanding of large language models (LLMs) and future model capabilities
Comfortable working in both early product development and scaling for high reliability
Able to iterate rapidly based on customer feedback while maintaining high code quality
Bonus Skills
Experience building AI-powered voice tools
Familiar with prompt optimization, model evaluations, or observability frameworks
Worked on distributed systems or real-time platforms like telecom networks, autonomous systems, or high-frequency trading platforms
Tech Stack
Frontend/Backend: TypeScript, Next.js, Python
AI Tools: OpenAI, Anthropic, STT, TTS
Infra: PostgreSQL, Kubernetes
Job Type: Full-time
Pay: $160,000.00 - $220,000.00 per year
Benefits:
401(k)
Dental insurance
Health insurance
Paid time off
Vision insurance
Schedule:
8 hour shift
Day shift
Monday to Friday
Experience:
Software Engineering - LLM/Ai: 6 years (Required)
Work Location: In person
Quick Apply"
"Staff Software Engineer, Applied ML",Character.AI,"Menlo Park, CA","$150,000 - $250,000 a year",https://www.simplyhired.com/job/KUldZBIxKrHYqZsBCBaN-4rFBd6DYpJU0KMQAhbWuMBfpsToFUjyOw,"Staff Software Engineer, Applied ML
Character.AI - 4.2
Menlo Park, CA
Quick Apply
Job Details
Full-time
$150,000 - $250,000 a year
Qualifications
TensorFlow
CI/CD
Computer science
PyTorch
5 years
Test automation
Google Cloud Platform
Databases
AWS
Bachelor's degree
REST
Model training
Senior level
AI
Associate's degree
gRPC
Machine learning frameworks
Bachelor of Arts
Full Job Description
About the Role
As a Software Engineer you will work cross functionally with product, data science, data platform and ML researchers to identify, design and implement the applied ML infra, ranging from the data pipeline to model training and serving infrastructure, on one of the fastest growing consumer applications on the market today. You will lead implementation of our ML backend systems to support new parts of our product while working with the team to support scaling our existing systems.
Requirements:
B.A.S. in Computer Science or equivalent experience.
5+ years of industry experience
Experience building/consuming RESTful and gRPC based web-services
Experience building and managing infrastructure in a cloud environment (GCP, AWS or Azure)
Familiar with one of the popular ML Frameworks like Pytorch, Tensorflow
Experience writing highly performant service in a modern typed language
Experience configuring and maintaining CI/CD pipelines and automated testing
Desired Experience:
Experience with shipping intelligent features, end-to-end, and from idea to production
Experience with understanding, designing or implementing a full pipeline from data ingestion to model training.
Experience with production AI/ML systems and services including optimizing GPU/TPU deployments
Experience working with vector databases or other feature storage
You will be a good fit if you are proactive and have a “get things done” mindset. Given our current pace of growth and load on our systems, most people have had a significant impact during their first week at the company.
About Character.AI
Founded in 2021, Character is a leading AI company offering personalized experiences through customizable AI 'Characters.' As one of the most widely used AI platforms worldwide, Character enables users to interact with AI tailored to their unique needs and preferences.
In just two years, we achieved unicorn status and were named Google Play's AI App of the Year – a testament to our groundbreaking technology and vision.
Ready to shape the future of Consumer AI?

At Character, we value diversity and welcome applicants from all backgrounds. As an equal opportunity employer, we firmly uphold a non-discrimination policy based on race, religion, national origin, gender, sexual orientation, age, veteran status, or disability. Your unique perspectives are vital to our success.
Compensation Range: $150K - $250K
Quick Apply"
2024-01-1E AI/ML Engineer,"1st Edge, LLC","Huntsville, AL",Not specified,https://www.simplyhired.com/job/GV1tFzx-nnHeo94NE64C-trJhdHodVgYeXOIAdnMaEnTclmCvy7_og,"2024-01-1E AI/ML Engineer
1st Edge, LLC
Huntsville, AL
Quick Apply
Job Details
Full-time
Estimated: $105K - $133K a year
2 days ago
Qualifications
Reinforcement learning
Doctoral degree
Computer Science
Software Engineering
PyTorch
Software deployment
Bachelor of Science
Engineering
Git
Mid-level
Master's degree
Analysis skills
Docker
Bachelor's degree
Machine learning
Doctor of Philosophy
Model deployment
Virtualization
Computer Engineering
Natural language processing
Model training
AI
4 years
GitLab
Python
MLOps
Full Job Description
1st Edge is a growing business seeking top performers to join in our mission of developing Artificial Intelligence solutions for our Government customers. We offer technically advanced, challenging work in an employee-centered environment driven by the desire to contribute to a meaningful purpose. Our employees work closely with Space and Missile Defense Command (SMDC), Missile Defense Agency (MDA), and Combat Capabilities Development Command (DevCom).
We believe in a balanced, quid pro quo relationship between the company and its employees, providing all benefits at no cost-plus generous time off. This balanced culture allows employees to do their best work and contributes to our extraordinary success rate. From an excellent benefits package to job autonomy with challenging work, 1st Edge cultivates an innovative and collaborative environment with meaningful work.
1st Edge is seeking a skilled and experienced Senior AI/ML Engineer to join our team. In this position, you will play a vital role in developing and integrating cutting-edge solutions using AI/ML technologies for use in a variety of applications. You will be instrumental in the design, development, and deployment of AI models and systems for 1st Edge. This position is on-site at 1st Edge LLC, located in Huntsville, AL.
Responsibilities include, but are not limited to the following tasks:
Lead the development of AI solutions using machine learning, deep learning, natural language processing, and computer vision
Develop and maintain AI systems, including data pipelines, model training, and deployment
Collaborate with data scientists, software engineers, and integrated product team stakeholders to integrate AI solutions
Provide reports and briefings on AI/ML model performance to government partners
Mentor junior engineers and contribute to the growth of the team
Collaborate with team to writing technical papers and white papers
Essential job skills include:
Ability to apply AI techniques in a variety of contexts
Experience working with MLOps for experiment tracking and model deployment
Strong proficiency in Python and associated packages such as Pytorch
Excellent problem-solving and analytical skills
Ability to work independently and as part of a team
Prepare presentations and reports to communicate complex technical concepts to a broad audience
Desired qualifications:
Experience with AI techniques for Reinforcement Learning
Knowledge of Git/Gitlab and virtualization technologies such as Docker
Required qualifications:
4+ years of related experience
You must be a U.S. Citizen and have, or be able to obtain, a secret security clearance.
Education Requirements:
Bachelor of Science/Engineering degree in computer science, computer engineering, software engineering, mathematics, or related discipline
Master's Degree or Ph.D. preferred
Quick Apply"
"Senior ML Engineer, Embodied AI",Serve Robotics,Remote,"$150,000 - $200,000 a year",https://www.simplyhired.com/job/Om1Yc1_l2VCG8JRMBynvufSpBma52LxjxJ2EZazHAis7-xG8xc1nTg,"Senior ML Engineer, Embodied AI
Serve Robotics
Remote
Quick Apply
Job Details
Full-time
$150,000 - $200,000 a year
7 days ago
Qualifications
TensorFlow
Doctoral degree
Kubernetes
PyTorch
Computer vision
5 years
Software deployment
Google Cloud Platform
SQL
AWS
Docker
Machine learning
Doctor of Philosophy
Deep learning
ETL
Data science
Senior level
AI
Robotics
Communication skills
Sensors
MLOps
Full Job Description
Serve Robotics aims to develop dependable and proficient sidewalk autonomy software. Our Perception & Prediction team is looking for a talent in identified research areas such as artificial intelligence, robotics, and embodied AI, particularly including areas such as representation learning for Embodied AI tasks, end-to-end learning, vision-language-action models, contextually aware AI.
Key Responsibilities
Pioneer the development of embodied intelligence for robotics, enabling unprecedented generalization across diverse environments and embodiments.
Invent/improve novel data-driven paradigms for embodied intelligence, leveraging a variety of modalities (images, video, point clouds (Lidar), text, audio etc).
Create business impactful solutions to improve human robot interaction through embodied intelligence.
Work with ML infrastructure engineers to assess and monitor model performance, ideate on active learning framework from long tail problems and pave innovative solutions to handle generalization capabilities from being data aware.
Collaborate with various teams to understand real-world problems and define tasks, incorporating insights into ML products.
Qualifications
MS with 5 years of industry experience or PhD with minimum 3 years of industry experience with focus in embodied intelligence, AR/VR , Robotics use-cases in a end-to-end learning framework.
Demonstrated leadership in scientific efforts, with contributions to top rated conferences and journals.
Experience with deep learning frameworks (such as pytorch, tensorflow) and computational data science libraries.
Experience with using large-scale datasets and sensor data, with use of various transformer architectures and diffusion models.
Adept with latest technology trends in AI / Robotics and Foundational models. Deep understanding of computer vision, machine learning and deep learning basic concepts.
Comfortable working with SQL queries and ETL logic for data ingress.
Strong programming skills for efficient and robust code.
Experience with multiple sensors such as Lidar, Mono/Stereo cameras, IMU, etc.
Strong communication skills.
What makes you standout
Hands-on experience with fine-tuning LLMs or vision-language models and their performance challenges and opportunities.
Experience with MLOps or ML Infrastructure, ability to streamline machine learning workflows.
Familiarity with edge-device perception stack deployment, experience with NVIDIA software libraries such as CUDA or TensorRT.
Open source project contributor.
Experience with GCP or AWS, Kubernetes and Docker.
Hiring locations
Currently, we are only hiring US and Canada residents, even for remote jobs.
More about us
Serve Robotics is the team that created the Postmates delivery robot and brought it to life in LA, completing tens of thousands of deliveries in LA’s busiest neighborhoods. Now we're an independent company growing rapidly in order to connect people with what they need via robots designed to serve people.
We are proud to be an equal employment opportunity and affirmative action employer. Qualified applicants are considered without regards to race, color, religion, national origin, age, sex, marital status, ancestry, physical or mental disability, veteran status, gender identity, or sexual orientation.
See Serve in action
Serve at TED 2020 main stage
Compensation Range: $150K - $200K
Quick Apply"
